0.000105, 0.000000, 0.001089, 0.105461, -0.040409, 0.187069, -0.002035
0.000288, 0.000000, 0.001091, 0.182718, 0.001647, 0.187081, -0.002038
0.000465, 0.000001, 0.001124, 0.176586, 0.033190, 0.187112, -0.002100
0.000645, 0.000001, 0.001179, 0.180265, 0.055269, 0.187132, -0.002204
0.000814, 0.000001, 0.001257, 0.169228, 0.077349, 0.187184, -0.002348
0.000987, 0.000001, 0.001358, 0.172907, 0.101531, 0.187226, -0.002538
0.001151, 0.000001, 0.001479, 0.164323, 0.120456, 0.187294, -0.002763
0.001327, 0.000002, 0.001602, 0.175360, 0.123610, 0.187328, -0.002995
0.001506, 0.000002, 0.001715, 0.179039, 0.113096, 0.187351, -0.003206
0.001679, 0.000002, 0.001798, 0.172907, 0.082606, 0.187393, -0.003361
0.001862, 0.000003, 0.001845, 0.182718, 0.046858, 0.187405, -0.003448
0.002034, 0.000003, 0.001865, 0.172907, 0.020573, 0.187447, -0.003487
0.002207, 0.000003, 0.001887, 0.172907, 0.021624, 0.187489, -0.003528
0.002379, 0.000004, 0.001932, 0.171681, 0.044755, 0.187534, -0.003611
0.002546, 0.000004, 0.002001, 0.166776, 0.068937, 0.187594, -0.003740
0.002720, 0.000004, 0.002066, 0.174134, 0.065783, 0.187632, -0.003863
0.002885, 0.000005, 0.002117, 0.165550, 0.050012, 0.187696, -0.003957
0.003067, 0.000005, 0.002141, 0.181491, 0.024778, 0.187712, -0.004004
0.003240, 0.000005, 0.002151, 0.172907, 0.010059, 0.187754, -0.004023
0.003418, 0.000006, 0.002168, 0.177812, 0.016367, 0.187781, -0.004053
0.003589, 0.000006, 0.002197, 0.171681, 0.028984, 0.187826, -0.004108
0.003767, 0.000007, 0.002237, 0.177812, 0.040549, 0.187853, -0.004184
0.003930, 0.000007, 0.002279, 0.163097, 0.041601, 0.187925, -0.004262
0.004092, 0.000007, 0.002310, 0.161871, 0.031087, 0.187999, -0.004320
0.004253, 0.000008, 0.002323, 0.160644, 0.013213, 0.188078, -0.004345
0.004431, 0.000008, 0.002300, 0.177812, -0.023586, 0.188105, -0.004301
0.004596, 0.000008, 0.002239, 0.165550, -0.060385, 0.188169, -0.004189
0.004759, 0.000009, 0.002159, 0.163097, -0.080362, 0.188240, -0.004039
0.004916, 0.000009, 0.002085, 0.156965, -0.074054, 0.188330, -0.003901
0.005087, 0.000010, 0.002035, 0.170455, -0.049871, 0.188379, -0.003808
0.005233, 0.000010, 0.002018, 0.145929, -0.017278, 0.188501, -0.003776
0.005388, 0.000010, 0.002035, 0.155739, 0.017419, 0.188595, -0.003808
0.005555, 0.000010, 0.002078, 0.166776, 0.042652, 0.188655, -0.003888
0.005718, 0.000011, 0.002125, 0.163097, 0.046858, 0.188726, -0.003976
0.005869, 0.000011, 0.002172, 0.150834, 0.047909, 0.188834, -0.004066
0.006014, 0.000011, 0.002218, 0.144703, 0.045806, 0.188960, -0.004152
0.006165, 0.000012, 0.002270, 0.150834, 0.052115, 0.189068, -0.004249
0.006330, 0.000012, 0.002339, 0.165550, 0.068937, 0.189132, -0.004378
0.006487, 0.000013, 0.002412, 0.156965, 0.073143, 0.189222, -0.004515
0.006651, 0.000013, 0.002468, 0.164323, 0.055269, 0.189289, -0.004619
0.006818, 0.000013, 0.002484, 0.166776, 0.016367, 0.189349, -0.004650
0.006985, 0.000014, 0.002463, 0.166776, -0.021483, 0.189409, -0.004610
0.007136, 0.000014, 0.002413, 0.150834, -0.049871, 0.189517, -0.004517
0.007283, 0.000015, 0.002344, 0.147155, -0.068797, 0.189636, -0.004388
0.007435, 0.000015, 0.002266, 0.152060, -0.078259, 0.189741, -0.004242
0.007581, 0.000015, 0.002193, 0.145929, -0.073002, 0.189863, -0.004106
0.007739, 0.000016, 0.002134, 0.158192, -0.058282, 0.189949, -0.003998
0.007902, 0.000016, 0.002096, 0.163097, -0.038306, 0.190021, -0.003926
0.008067, 0.000016, 0.002090, 0.164323, -0.005712, 0.190088, -0.003916
0.008222, 0.000017, 0.002113, 0.155739, 0.022676, 0.190181, -0.003958
0.008374, 0.000017, 0.002155, 0.152060, 0.041601, 0.190286, -0.004036
0.008541, 0.000017, 0.002207, 0.166776, 0.052115, 0.190346, -0.004134
0.008697, 0.000018, 0.002264, 0.155739, 0.057372, 0.190439, -0.004241
0.008848, 0.000018, 0.002312, 0.150834, 0.047909, 0.190547, -0.004153
0.008995, 0.000018, 0.002341, 0.147155, 0.028984, 0.190666, -0.002674
0.009157, 0.000019, 0.002350, 0.161871, 0.009007, 0.190741, 0.000418
0.009317, 0.000019, 0.002339, 0.160644, -0.010969, 0.190819, 0.005126
0.009482, 0.000019, 0.002315, 0.164323, -0.023586, 0.190887, 0.011438
0.009629, 0.000020, 0.002295, 0.147155, -0.020432, 0.191006, 0.019328
0.009788, 0.000020, 0.002291, 0.159418, -0.003610, 0.191088, 0.028773
0.009949, 0.000020, 0.002309, 0.160644, 0.017419, 0.191167, 0.039769
0.010113, 0.000021, 0.002345, 0.164323, 0.036344, 0.191234, 0.052323
0.010271, 0.000021, 0.002393, 0.158192, 0.047909, 0.191320, 0.066450
0.010430, 0.000022, 0.002445, 0.158192, 0.052115, 0.191406, 0.081991
0.010600, 0.000022, 0.002494, 0.170455, 0.048961, 0.191455, 0.097782
0.010758, 0.000022, 0.002535, 0.158192, 0.040549, 0.191541, 0.113619
0.010921, 0.000023, 0.002564, 0.163097, 0.028984, 0.191612, 0.129507
0.011068, 0.000023, 0.002587, 0.147155, 0.023727, 0.191731, 0.145433
0.011230, 0.000024, 0.002621, 0.161871, 0.033190, 0.191806, 0.161372
0.011397, 0.000024, 0.002674, 0.166776, 0.053166, 0.191866, 0.177303
0.011552, 0.000025, 0.002754, 0.154513, 0.080503, 0.191963, 0.193211
0.011725, 0.000025, 0.002858, 0.172907, 0.103634, 0.192005, 0.209106
0.011905, 0.000026, 0.002977, 0.180265, 0.119405, 0.192025, 0.225001
0.012073, 0.000026, 0.003105, 0.168002, 0.127816, 0.192081, 0.240909
0.012251, 0.000027, 0.003241, 0.177812, 0.136227, 0.192108, 0.256831
0.012415, 0.000027, 0.003398, 0.164323, 0.156204, 0.192176, 0.272746
0.012582, 0.000028, 0.003615, 0.166776, 0.217185, 0.192236, 0.288575
0.012734, 0.000028, 0.003911, 0.152060, 0.296040, 0.192340, 0.304286
0.012891, 0.000029, 0.004262, 0.156965, 0.350713, 0.192430, 0.319925
0.013039, 0.000030, 0.004663, 0.148381, 0.401181, 0.192545, 0.335498
0.013206, 0.000031, 0.005103, 0.166776, 0.440083, 0.192605, 0.351029
0.013360, 0.000032, 0.005558, 0.154513, 0.454802, 0.192702, 0.366561
0.013522, 0.000032, 0.006009, 0.161871, 0.451648, 0.192777, 0.382128
0.013685, 0.000034, 0.006436, 0.163097, 0.426414, 0.192848, 0.397771
0.013851, 0.000035, 0.006825, 0.165550, 0.389615, 0.192912, 0.413513
0.014026, 0.000036, 0.007177, 0.175360, 0.351765, 0.192946, 0.429355
0.014200, 0.000037, 0.007490, 0.174134, 0.312863, 0.192984, 0.445299
0.014373, 0.000039, 0.007767, 0.172907, 0.277115, 0.193026, 0.461339
0.014536, 0.000040, 0.008006, 0.163097, 0.239265, 0.193097, 0.477479
0.014702, 0.000041, 0.008222, 0.165550, 0.216134, 0.193161, 0.493692
0.014855, 0.000043, 0.008445, 0.153287, 0.222442, 0.193261, 0.509923
0.015006, 0.000044, 0.008696, 0.150834, 0.250830, 0.193369, 0.526130
0.015157, 0.000045, 0.008991, 0.150834, 0.294989, 0.193477, 0.542283
0.015299, 0.000047, 0.009333, 0.142250, 0.342302, 0.193611, 0.558378
0.015434, 0.000048, 0.009742, 0.134892, 0.408540, 0.193767, 0.574378
0.015579, 0.000049, 0.010236, 0.144703, 0.494756, 0.193893, 0.590246
0.015734, 0.000051, 0.010821, 0.155739, 0.585176, 0.193986, 0.605974
0.015899, 0.000053, 0.011516, 0.164323, 0.694522, 0.194054, 0.621528
0.016070, 0.000055, 0.012308, 0.171681, 0.792303, 0.194099, 0.636928
0.016247, 0.000057, 0.013164, 0.176586, 0.855387, 0.194129, 0.652239
0.016432, 0.000060, 0.014034, 0.185170, 0.870107, 0.194134, 0.667552
0.016612, 0.000063, 0.014850, 0.180265, 0.816485, 0.194154, 0.682995
0.016798, 0.000066, 0.015589, 0.185170, 0.738681, 0.194159, 0.698612
0.016983, 0.000069, 0.016274, 0.185170, 0.685060, 0.194164, 0.714359
0.017164, 0.000072, 0.016928, 0.181491, 0.653517, 0.194179, 0.730195
0.017342, 0.000075, 0.017555, 0.177812, 0.627232, 0.194206, 0.746108
0.017512, 0.000078, 0.018154, 0.170455, 0.598844, 0.194255, 0.762105
0.017683, 0.000081, 0.018714, 0.170455, 0.559943, 0.194304, 0.778203
0.017850, 0.000084, 0.019510, 0.166776, 0.796508, 0.194364, 0.793889
0.017999, 0.000087, 0.020026, 0.149608, 0.515784, 0.194476, 0.810128
0.018170, 0.000091, 0.020548, 0.170455, 0.522092, 0.194525, 0.826385
0.018344, 0.000094, 0.021137, 0.174134, 0.589382, 0.194563, 0.842546
0.018520, 0.000098, 0.021840, 0.176586, 0.702933, 0.194593, 0.858524
0.018695, 0.000102, 0.022668, 0.175360, 0.828050, 0.194627, 0.874297
0.018873, 0.000106, 0.023603, 0.177812, 0.934242, 0.194654, 0.889901
0.019057, 0.000111, 0.024608, 0.183944, 1.005738, 0.194663, 0.905401
0.019250, 0.000116, 0.025633, 0.192528, 1.024663, 0.194645, 0.920895
0.019433, 0.000121, 0.026631, 0.183944, 0.998378, 0.194654, 0.936467
0.019615, 0.000126, 0.027564, 0.181491, 0.933191, 0.194669, 0.952190
0.019796, 0.000131, 0.028447, 0.181491, 0.882723, 0.194685, 0.968037
0.019969, 0.000136, 0.029308, 0.172907, 0.860644, 0.194727, 0.983955
0.020149, 0.000141, 0.030177, 0.180265, 0.869055, 0.194746, 0.999886
0.020333, 0.000147, 0.031078, 0.183944, 0.900597, 0.194754, 1.015788
0.020508, 0.000153, 0.032017, 0.175360, 0.939499, 0.194788, 1.031646
0.020695, 0.000159, 0.032992, 0.186397, 0.975247, 0.194789, 1.047467
0.020876, 0.000165, 0.033999, 0.181491, 1.006789, 0.194805, 1.063258
0.021059, 0.000172, 0.035020, 0.182718, 1.020457, 0.194817, 1.079053
0.021241, 0.000178, 0.036060, 0.182718, 1.040434, 0.194829, 1.094840
0.021415, 0.000185, 0.037127, 0.174134, 1.066719, 0.194867, 1.110608
0.021597, 0.000192, 0.038210, 0.181491, 1.083541, 0.194882, 1.126373
0.021773, 0.000198, 0.039299, 0.176586, 1.088798, 0.194913, 1.142157
0.021958, 0.000206, 0.040393, 0.185170, 1.094055, 0.194917, 1.157961
0.022137, 0.000213, 0.041491, 0.179039, 1.098261, 0.194940, 1.173787
0.022327, 0.000221, 0.042595, 0.190075, 1.103518, 0.194930, 1.189632
0.022512, 0.000230, 0.043715, 0.185170, 1.120340, 0.194935, 1.205475
0.022690, 0.000238, 0.044883, 0.177812, 1.167654, 0.194961, 1.221259
0.022865, 0.000246, 0.046100, 0.175360, 1.217070, 0.194995, 1.236980
0.023053, 0.000255, 0.047362, 0.188849, 1.262280, 0.194988, 1.252645
0.023237, 0.000263, 0.048654, 0.183944, 1.291719, 0.194997, 1.268285
0.023427, 0.000273, 0.049951, 0.190075, 1.296976, 0.194986, 1.283945
0.023605, 0.000282, 0.051240, 0.177812, 1.289616, 0.195013, 1.299647
0.023789, 0.000292, 0.052520, 0.185170, 1.279102, 0.195017, 1.315399
0.023976, 0.000302, 0.053807, 0.186396, 1.287513, 0.195018, 1.331164
0.024151, 0.000311, 0.055114, 0.175360, 1.306439, 0.195052, 1.346923
0.024331, 0.000322, 0.056441, 0.180265, 1.327467, 0.195071, 1.362672
0.024517, 0.000332, 0.057785, 0.186397, 1.344289, 0.195071, 1.378420
0.024692, 0.000343, 0.059141, 0.175360, 1.355855, 0.195105, 1.394174
0.024882, 0.000354, 0.060504, 0.190075, 1.363214, 0.195094, 1.409945
0.025063, 0.000366, 0.061877, 0.181491, 1.372677, 0.195110, 1.425727
0.025245, 0.000377, 0.063280, 0.182718, 1.403168, 0.195121, 1.441481
0.025419, 0.000388, 0.064720, 0.174134, 1.439967, 0.195159, 1.457196
0.025606, 0.000401, 0.066198, 0.187623, 1.477818, 0.195155, 1.472869
0.025788, 0.000413, 0.067703, 0.182718, 1.505154, 0.195167, 1.488521
0.025973, 0.000426, 0.069231, 0.185170, 1.528285, 0.195171, 1.504159
0.026165, 0.000440, 0.070771, 0.192528, 1.539850, 0.195153, 1.519804
0.026349, 0.000453, 0.072314, 0.183944, 1.543005, 0.195161, 1.535473
0.026533, 0.000466, 0.073877, 0.185170, 1.562981, 0.195165, 1.551134
0.026726, 0.000481, 0.075454, 0.193754, 1.576649, 0.195143, 1.566799
0.026905, 0.000495, 0.077040, 0.179039, 1.586112, 0.195165, 1.582475
0.027096, 0.000510, 0.078622, 0.191302, 1.581906, 0.195151, 1.598189
0.027284, 0.000525, 0.080204, 0.188849, 1.581906, 0.195144, 1.613932
0.027456, 0.000539, 0.081788, 0.172907, 1.584009, 0.195184, 1.629700
0.027644, 0.000555, 0.083386, 0.188849, 1.597677, 0.195177, 1.645472
0.027829, 0.000571, 0.085017, 0.185170, 1.631322, 0.195181, 1.661211
0.028010, 0.000586, 0.086685, 0.181491, 1.668121, 0.195196, 1.676910
0.028192, 0.000602, 0.088378, 0.182718, 1.693355, 0.195207, 1.692591
0.028377, 0.000619, 0.090097, 0.186397, 1.718589, 0.195207, 1.708255
0.028567, 0.000637, 0.091842, 0.190075, 1.744874, 0.195196, 1.723898
0.028740, 0.000653, 0.093609, 0.174134, 1.766953, 0.195233, 1.739530
0.028927, 0.000671, 0.095406, 0.187623, 1.797444, 0.195229, 1.755134
0.029110, 0.000689, 0.097234, 0.183944, 1.827935, 0.195236, 1.770710
0.029293, 0.000707, 0.099079, 0.183944, 1.844757, 0.195243, 1.786285
0.029472, 0.000725, 0.100929, 0.180265, 1.850014, 0.195262, 1.801878
0.029655, 0.000744, 0.102773, 0.183944, 1.843706, 0.195269, 1.817513
0.029847, 0.000764, 0.104605, 0.192528, 1.832140, 0.195250, 1.833199
0.030030, 0.000784, 0.106433, 0.183944, 1.827935, 0.195257, 1.848922
0.030232, 0.000806, 0.108283, 0.203565, 1.850014, 0.195205, 1.864633
0.030406, 0.000825, 0.110159, 0.175360, 1.876299, 0.195238, 1.880324
0.030596, 0.000846, 0.112052, 0.191302, 1.893122, 0.195223, 1.896013
0.030796, 0.000869, 0.113959, 0.201112, 1.906790, 0.195178, 1.911706
0.030979, 0.000890, 0.115877, 0.183944, 1.918355, 0.195185, 1.927407
0.031182, 0.000914, 0.117805, 0.204791, 1.927818, 0.195129, 1.943119
0.031372, 0.000937, 0.119772, 0.191302, 1.966720, 0.195114, 1.958788
0.031577, 0.000962, 0.121787, 0.206017, 2.015085, 0.195055, 1.974396
0.031763, 0.000985, 0.123839, 0.187623, 2.051884, 0.195050, 1.989965
0.031966, 0.001011, 0.125909, 0.204791, 2.069757, 0.194994, 2.005529
0.032161, 0.001036, 0.127970, 0.196207, 2.061346, 0.194964, 2.021139
0.032360, 0.001062, 0.130008, 0.201112, 2.038215, 0.194919, 2.036821
0.032546, 0.001087, 0.132038, 0.187623, 2.029804, 0.194914, 2.052547
0.032733, 0.001112, 0.134071, 0.188849, 2.032959, 0.194906, 2.068298
0.032917, 0.001137, 0.136116, 0.185170, 2.045575, 0.194909, 2.084054
0.033099, 0.001163, 0.138177, 0.183944, 2.060295, 0.194915, 2.099813
0.033271, 0.001187, 0.140249, 0.174134, 2.071860, 0.194951, 2.115579
0.033469, 0.001215, 0.142332, 0.199886, 2.083426, 0.194909, 2.131352
0.033667, 0.001244, 0.144446, 0.199886, 2.113916, 0.194868, 2.147098
0.033844, 0.001270, 0.146610, 0.179039, 2.164384, 0.194888, 2.162779
0.034044, 0.001300, 0.148829, 0.202338, 2.219057, 0.194839, 2.178387
0.034241, 0.001330, 0.151089, 0.198659, 2.260062, 0.194801, 2.193948
0.034438, 0.001361, 0.153375, 0.199886, 2.285295, 0.194759, 2.209491
0.034639, 0.001392, 0.155662, 0.203565, 2.287398, 0.194706, 2.225060
0.034823, 0.001422, 0.157948, 0.186397, 2.286347, 0.194704, 2.240659
0.035008, 0.001452, 0.160238, 0.187623, 2.289501, 0.194699, 2.256282
0.035201, 0.001483, 0.162535, 0.194981, 2.296860, 0.194671, 2.271921
0.035384, 0.001514, 0.164836, 0.185170, 2.301066, 0.194673, 2.287581
0.035576, 0.001546, 0.167138, 0.194981, 2.302118, 0.194646, 2.303269
0.035752, 0.001576, 0.169442, 0.179039, 2.304220, 0.194666, 2.318982
0.035946, 0.001610, 0.171767, 0.196207, 2.325248, 0.194635, 2.334685
0.036133, 0.001643, 0.174127, 0.190075, 2.359945, 0.194622, 2.350353
0.036330, 0.001678, 0.176528, 0.199886, 2.400949, 0.194579, 2.365973
0.036532, 0.001714, 0.178960, 0.206017, 2.431440, 0.194518, 2.381565
0.036730, 0.001751, 0.181409, 0.201112, 2.449314, 0.194472, 2.397154
0.036924, 0.001787, 0.183858, 0.197433, 2.449314, 0.194436, 2.412771
0.037122, 0.001824, 0.186325, 0.201112, 2.466136, 0.194390, 2.428387
0.037321, 0.001862, 0.188807, 0.202338, 2.481908, 0.194339, 2.444003
0.037514, 0.001900, 0.191303, 0.197433, 2.496627, 0.194304, 2.459620
0.037709, 0.001938, 0.193798, 0.198659, 2.494524, 0.194264, 2.475271
0.037905, 0.001977, 0.196282, 0.199886, 2.484010, 0.194221, 2.490971
0.038099, 0.002016, 0.198741, 0.197433, 2.459828, 0.194186, 2.506745
0.038294, 0.002055, 0.201209, 0.198659, 2.467188, 0.194146, 2.522535
0.038487, 0.002095, 0.203697, 0.197433, 2.488216, 0.194110, 2.538315
0.038686, 0.002137, 0.206221, 0.203565, 2.523964, 0.194056, 2.554058
0.038891, 0.002181, 0.208777, 0.209696, 2.556557, 0.193983, 2.569769
0.039102, 0.002226, 0.211371, 0.215828, 2.593356, 0.193892, 2.585440
0.039305, 0.002270, 0.213976, 0.207243, 2.604922, 0.193826, 2.601120
0.039517, 0.002316, 0.216621, 0.217054, 2.644875, 0.193731, 2.616754
0.039724, 0.002363, 0.219312, 0.212149, 2.691137, 0.193650, 2.632331
0.039926, 0.002408, 0.222052, 0.207243, 2.740553, 0.193584, 2.647845
0.040133, 0.002456, 0.224823, 0.212149, 2.771043, 0.193503, 2.663331
0.040336, 0.002503, 0.227620, 0.208470, 2.796277, 0.193434, 2.678800
0.040539, 0.002550, 0.230408, 0.208470, 2.788917, 0.193364, 2.694311
0.040745, 0.002599, 0.233205, 0.212149, 2.796277, 0.193283, 2.709838
0.040942, 0.002647, 0.235999, 0.202338, 2.794174, 0.193231, 2.725399
0.041145, 0.002696, 0.238787, 0.208470, 2.787866, 0.193161, 2.741001
0.041344, 0.002745, 0.241557, 0.204791, 2.769992, 0.193102, 2.756665
0.041540, 0.002794, 0.244306, 0.202338, 2.748964, 0.193050, 2.772398
0.041734, 0.002843, 0.247018, 0.199886, 2.712165, 0.193005, 2.788230
0.041937, 0.002894, 0.249741, 0.209696, 2.722679, 0.192932, 2.804071
0.042129, 0.002944, 0.252479, 0.198659, 2.738450, 0.192891, 2.819912
0.042326, 0.002996, 0.255239, 0.203565, 2.759478, 0.192835, 2.835743
0.042522, 0.003047, 0.258021, 0.202338, 2.782609, 0.192783, 2.851560
0.042715, 0.003099, 0.260837, 0.199886, 2.816254, 0.192738, 2.867344
0.042904, 0.003150, 0.263672, 0.196207, 2.834127, 0.192704, 2.883123
0.043103, 0.003204, 0.266572, 0.206017, 2.900366, 0.192641, 2.898808
0.043292, 0.003256, 0.269526, 0.196207, 2.953988, 0.192607, 2.914423
0.043491, 0.003312, 0.272537, 0.206017, 3.010763, 0.192543, 2.929960
0.043684, 0.003367, 0.275584, 0.201112, 3.047562, 0.192494, 2.945458
0.043876, 0.003422, 0.278657, 0.199886, 3.072796, 0.192448, 2.960939
0.044065, 0.003476, 0.281718, 0.196207, 3.061231, 0.192413, 2.976470
0.044260, 0.003533, 0.284806, 0.203565, 3.087516, 0.192356, 2.991982
0.044449, 0.003589, 0.287905, 0.197433, 3.099081, 0.192318, 3.007501
0.044646, 0.003648, 0.291011, 0.204791, 3.106441, 0.192257, 3.023035
0.044833, 0.003705, 0.294099, 0.196207, 3.087516, 0.192222, 3.038635
0.045019, 0.003762, 0.297160, 0.193754, 3.061231, 0.192195, 3.054312
0.045205, 0.003819, 0.300183, 0.194981, 3.023380, 0.192164, 3.069912
0.045397, 0.003879, 0.303217, 0.201112, 3.033894, 0.192114, 3.084166
0.045579, 0.003937, 0.306261, 0.191302, 3.043357, 0.192094, 3.096855
0.045771, 0.003998, 0.309311, 0.201112, 3.050717, 0.192044, 3.107983
0.045956, 0.004058, 0.312364, 0.194981, 3.052819, 0.192012, 3.117554
0.046143, 0.004119, 0.315415, 0.196207, 3.050717, 0.191977, 3.125576
0.046325, 0.004179, 0.318471, 0.191302, 3.055974, 0.191956, 3.132030
0.046514, 0.004242, 0.321588, 0.199886, 3.116955, 0.191910, 3.136809
0.046699, 0.004304, 0.324753, 0.194981, 3.165319, 0.191878, 3.139935
0.046889, 0.004369, 0.327976, 0.201112, 3.223147, 0.191827, 3.141386
0.047069, 0.004431, 0.331238, 0.190075, 3.262049, 0.191810, 3.141374
0.047256, 0.004496, 0.334510, 0.197433, 3.271511, 0.191770, 3.141128
0.047439, 0.004560, 0.337812, 0.193754, 3.302002, 0.191741, 3.140825
0.047628, 0.004627, 0.341143, 0.201112, 3.331441, 0.191690, 3.140467
0.047808, 0.004692, 0.344479, 0.191302, 3.335647, 0.191669, 3.140101
0.047997, 0.004760, 0.347815, 0.201112, 3.335647, 0.191617, 3.139735
0.048172, 0.004825, 0.351128, 0.186397, 3.313567, 0.191610, 3.139410
0.048355, 0.004892, 0.354384, 0.194981, 3.255740, 0.191578, 3.139194
0.048531, 0.004958, 0.357609, 0.187623, 3.225250, 0.191567, 3.139034
0.048710, 0.005025, 0.360782, 0.191302, 3.172679, 0.191546, 3.138973
0.048891, 0.005094, 0.363915, 0.193754, 3.132726, 0.191517, 3.138987
0.049077, 0.005166, 0.367002, 0.199886, 3.087516, 0.191470, 3.139085
0.049249, 0.005233, 0.370052, 0.183944, 3.049665, 0.191470, 3.139253
0.049426, 0.005302, 0.373051, 0.190075, 2.999198, 0.191453, 3.139516
0.049604, 0.005372, 0.376046, 0.191302, 2.994992, 0.191431, 3.139787
0.049784, 0.005444, 0.379053, 0.193754, 3.006558, 0.191403, 3.140037
0.049959, 0.005514, 0.382084, 0.188849, 3.031791, 0.191389, 3.140239
0.050139, 0.005587, 0.385138, 0.193754, 3.053871, 0.191360, 3.140400
0.050307, 0.005656, 0.388208, 0.181491, 3.069642, 0.191367, 3.140532
0.050478, 0.005726, 0.391267, 0.185170, 3.059128, 0.191364, 3.140683
0.050648, 0.005797, 0.394356, 0.183944, 3.088567, 0.191364, 3.140779
0.050817, 0.005868, 0.397478, 0.183944, 3.122212, 0.191364, 3.140812
0.050983, 0.005939, 0.400647, 0.180265, 3.169525, 0.191375, 3.140757
0.051146, 0.006008, 0.403867, 0.176586, 3.219993, 0.191397, 3.140608
0.051301, 0.006075, 0.407124, 0.169228, 3.256792, 0.191441, 3.140389
0.051462, 0.006145, 0.410409, 0.175360, 3.285180, 0.191466, 3.140118
0.051626, 0.006217, 0.413725, 0.179039, 3.315670, 0.191480, 3.139790
0.051792, 0.006290, 0.417047, 0.181491, 3.321979, 0.191487, 3.139449
0.051952, 0.006362, 0.420354, 0.175360, 3.307259, 0.191511, 3.139137
0.052114, 0.006435, 0.423638, 0.177812, 3.284128, 0.191529, 3.138867
0.052266, 0.006504, 0.426868, 0.166776, 3.229455, 0.191580, 3.138700
0.052422, 0.006576, 0.430030, 0.171681, 3.162165, 0.191616, 3.138658
0.052582, 0.006650, 0.433129, 0.176586, 3.099081, 0.191638, 3.138735
0.052742, 0.006724, 0.436182, 0.176586, 3.052819, 0.191660, 3.138897
0.052902, 0.006799, 0.439200, 0.176586, 3.018123, 0.191681, 3.139125
0.053064, 0.006876, 0.442208, 0.179039, 3.007609, 0.191696, 3.139372
0.053215, 0.006948, 0.445206, 0.168002, 2.998147, 0.191743, 3.139637
0.053372, 0.007024, 0.448200, 0.174134, 2.993941, 0.191773, 3.139910
0.053532, 0.007101, 0.451217, 0.177812, 3.017072, 0.191791, 3.140139
0.053695, 0.007181, 0.454280, 0.181491, 3.063334, 0.191797, 3.140282
0.053857, 0.007261, 0.457395, 0.180265, 3.114852, 0.191807, 3.140329
0.054016, 0.007340, 0.460552, 0.177812, 3.156909, 0.191825, 3.140297
0.054172, 0.007418, 0.463715, 0.174134, 3.163217, 0.191853, 3.140254
0.054330, 0.007497, 0.466891, 0.176586, 3.175834, 0.191874, 3.140187
0.054488, 0.007578, 0.470066, 0.177812, 3.174782, 0.191891, 3.140121
0.054640, 0.007655, 0.473244, 0.170455, 3.177937, 0.191930, 3.140050
0.054798, 0.007737, 0.476424, 0.177812, 3.180039, 0.191947, 3.139975
0.054943, 0.007812, 0.479593, 0.163097, 3.169525, 0.192009, 3.139919
0.055094, 0.007891, 0.482724, 0.170455, 3.130623, 0.192048, 3.139937
0.055239, 0.007968, 0.485846, 0.164323, 3.122212, 0.192105, 3.139969
0.055391, 0.008049, 0.488970, 0.171681, 3.124315, 0.192141, 3.139998
0.055551, 0.008134, 0.492103, 0.181491, 3.132726, 0.192146, 3.140011
0.055709, 0.008220, 0.495238, 0.180265, 3.134829, 0.192156, 3.140021
0.055862, 0.008303, 0.498382, 0.174134, 3.144291, 0.192184, 3.140012
0.056022, 0.008391, 0.501520, 0.182718, 3.137983, 0.192186, 3.140016
0.056177, 0.008477, 0.504679, 0.176586, 3.159011, 0.192206, 3.139980
0.056337, 0.008565, 0.507852, 0.182718, 3.172679, 0.192208, 3.139918
0.056498, 0.008656, 0.511039, 0.185170, 3.187399, 0.192202, 3.139829
0.056656, 0.008745, 0.514215, 0.181491, 3.175834, 0.192207, 3.139761
0.056813, 0.008834, 0.517358, 0.180265, 3.143240, 0.192216, 3.139755
0.056966, 0.008922, 0.520461, 0.176586, 3.102235, 0.192237, 3.139825
0.057125, 0.009014, 0.523540, 0.183944, 3.079104, 0.192235, 3.139938
0.057284, 0.009107, 0.526615, 0.183944, 3.074899, 0.192233, 3.140059
0.057436, 0.009195, 0.529694, 0.175360, 3.079104, 0.192257, 3.140173
0.057584, 0.009282, 0.532770, 0.171681, 3.075950, 0.192291, 3.140292
0.057741, 0.009376, 0.535826, 0.182718, 3.055974, 0.192293, 3.140449
0.057891, 0.009466, 0.538884, 0.175360, 3.058076, 0.192317, 3.140601
0.058038, 0.009554, 0.541956, 0.171681, 3.072796, 0.192351, 3.140726
0.058187, 0.009645, 0.545051, 0.174134, 3.094876, 0.192378, 3.140810
0.058335, 0.009735, 0.548177, 0.172907, 3.125366, 0.192409, 3.140837
0.058479, 0.009823, 0.551329, 0.169228, 3.152703, 0.192450, 3.140813
0.058635, 0.009920, 0.554489, 0.183944, 3.160063, 0.192448, 3.140775
0.058785, 0.010014, 0.557695, 0.176586, 3.205273, 0.192467, 3.140652
0.058945, 0.010114, 0.560946, 0.188849, 3.251534, 0.192449, 3.140443
0.059099, 0.010212, 0.564231, 0.182718, 3.284128, 0.192449, 3.140173
0.059251, 0.010309, 0.567529, 0.180265, 3.298848, 0.192457, 3.139875
0.059397, 0.010402, 0.570817, 0.172907, 3.287282, 0.192486, 3.139599
0.059553, 0.010503, 0.574098, 0.186397, 3.280974, 0.192475, 3.139335
0.059711, 0.010606, 0.577354, 0.187623, 3.256792, 0.192461, 3.139116
0.059873, 0.010712, 0.580579, 0.193754, 3.224198, 0.192428, 3.138958
0.060025, 0.010813, 0.583761, 0.182718, 3.182142, 0.192428, 3.138879
0.060181, 0.010917, 0.586920, 0.187623, 3.159011, 0.192414, 3.138843
0.060338, 0.011022, 0.590032, 0.188849, 3.112749, 0.192396, 3.138893
0.060499, 0.011130, 0.593136, 0.193754, 3.103287, 0.192363, 3.138961
0.060658, 0.011238, 0.596234, 0.192528, 3.098030, 0.192334, 3.139039
0.060822, 0.011350, 0.599334, 0.198659, 3.100132, 0.192287, 3.139112
0.060978, 0.011457, 0.602455, 0.188849, 3.121161, 0.192269, 3.139147
0.061129, 0.011562, 0.605580, 0.183944, 3.125366, 0.192265, 3.139174
0.061287, 0.011672, 0.608716, 0.192528, 3.135880, 0.192236, 3.139181
0.061442, 0.011780, 0.611869, 0.188849, 3.152703, 0.192217, 3.139157
0.061593, 0.011887, 0.615033, 0.185170, 3.164268, 0.192210, 3.139111
0.061751, 0.012000, 0.618200, 0.193754, 3.166371, 0.192176, 3.139061
0.061897, 0.012104, 0.621358, 0.180265, 3.157960, 0.192183, 3.139027
0.062049, 0.012213, 0.624489, 0.186397, 3.131675, 0.192172, 3.139042
0.062197, 0.012321, 0.627630, 0.183944, 3.141137, 0.192168, 3.139040
0.062347, 0.012431, 0.630788, 0.185170, 3.157960, 0.192160, 3.139005
0.062491, 0.012537, 0.633953, 0.179039, 3.164268, 0.192171, 3.138959
0.062636, 0.012644, 0.637126, 0.180265, 3.173731, 0.192177, 3.138896
0.062778, 0.012749, 0.640299, 0.176586, 3.172679, 0.192195, 3.138834
0.062923, 0.012858, 0.643469, 0.181491, 3.169525, 0.192198, 3.138779
0.063072, 0.012971, 0.646649, 0.186397, 3.180039, 0.192186, 3.138703
0.063219, 0.013083, 0.649817, 0.185170, 3.168474, 0.192178, 3.138649
0.063364, 0.013194, 0.652967, 0.182718, 3.149549, 0.192177, 3.138631
0.063506, 0.013303, 0.656096, 0.179039, 3.129572, 0.192187, 3.138650
0.063650, 0.013414, 0.659195, 0.181491, 3.099081, 0.192190, 3.138726
0.063798, 0.013530, 0.662288, 0.188849, 3.092773, 0.192171, 3.138814
0.063938, 0.013640, 0.665376, 0.177812, 3.087516, 0.192185, 3.138911
0.064091, 0.013761, 0.668466, 0.194981, 3.090670, 0.192147, 3.139003
0.064232, 0.013873, 0.671557, 0.180265, 3.090670, 0.192154, 3.139095
0.064384, 0.013994, 0.674644, 0.193754, 3.086464, 0.192120, 3.139194
0.064532, 0.014113, 0.677731, 0.190075, 3.087516, 0.192097, 3.139292
0.064690, 0.014241, 0.680845, 0.203565, 3.113801, 0.192033, 3.139341
0.064840, 0.014364, 0.683992, 0.193754, 3.147446, 0.191998, 3.139326
0.064991, 0.014487, 0.687154, 0.194981, 3.162165, 0.191960, 3.139284
0.065130, 0.014602, 0.690332, 0.180265, 3.177937, 0.191966, 3.139213
0.065266, 0.014715, 0.693509, 0.176586, 3.176885, 0.191982, 3.139144
0.065412, 0.014838, 0.696722, 0.191302, 3.212633, 0.191955, 3.139008
0.065556, 0.014959, 0.699958, 0.187623, 3.235764, 0.191938, 3.138828
0.065705, 0.015085, 0.703189, 0.194981, 3.231558, 0.191899, 3.138657
0.065853, 0.015211, 0.706394, 0.194981, 3.205273, 0.191860, 3.138535
0.065995, 0.015334, 0.709560, 0.187623, 3.165319, 0.191844, 3.138487
0.066135, 0.015454, 0.712677, 0.183944, 3.116955, 0.191838, 3.138530
0.066275, 0.015576, 0.715773, 0.186397, 3.095927, 0.191825, 3.138612
0.066424, 0.015706, 0.718839, 0.197433, 3.066488, 0.191780, 3.138749
0.066571, 0.015836, 0.721874, 0.196207, 3.034945, 0.191738, 3.138945
0.066716, 0.015964, 0.724903, 0.193754, 3.028637, 0.191703, 3.139153
0.066869, 0.016101, 0.727920, 0.204791, 3.017072, 0.191635, 3.139382
0.067008, 0.016225, 0.730975, 0.186397, 3.054922, 0.191622, 3.139541
0.067154, 0.016357, 0.734074, 0.197433, 3.099081, 0.191576, 3.139617
0.067298, 0.016488, 0.737214, 0.193754, 3.140086, 0.191541, 3.139617
0.067449, 0.016626, 0.740391, 0.204791, 3.176885, 0.191472, 3.139548
0.067590, 0.016755, 0.743595, 0.191302, 3.204221, 0.191444, 3.139428
0.067736, 0.016891, 0.746823, 0.199886, 3.228404, 0.191389, 3.139263
0.067879, 0.017024, 0.750077, 0.194981, 3.253637, 0.191349, 3.139050
0.068025, 0.017161, 0.753333, 0.199886, 3.255740, 0.191295, 3.138834
0.068168, 0.017295, 0.756562, 0.196207, 3.229455, 0.191251, 3.138667
0.068304, 0.017425, 0.759763, 0.188849, 3.201067, 0.191230, 3.138553
0.068449, 0.017564, 0.762917, 0.199886, 3.153754, 0.191176, 3.138527
0.068589, 0.017699, 0.766053, 0.194981, 3.135880, 0.191136, 3.138535
0.068730, 0.017835, 0.769168, 0.196207, 3.114852, 0.191093, 3.138582
0.068873, 0.017974, 0.772262, 0.198659, 3.093824, 0.191043, 3.138668
0.069015, 0.018113, 0.775343, 0.198659, 3.081207, 0.190992, 3.138778
0.069148, 0.018245, 0.778406, 0.187623, 3.063334, 0.190975, 3.138922
0.069286, 0.018381, 0.781473, 0.193754, 3.066488, 0.190939, 3.139060
0.069420, 0.018515, 0.784562, 0.190075, 3.089619, 0.190915, 3.139154
0.069557, 0.018653, 0.787668, 0.193754, 3.105390, 0.190879, 3.139219
0.069698, 0.018796, 0.790788, 0.201112, 3.120109, 0.190820, 3.139256
0.069836, 0.018936, 0.793916, 0.196207, 3.128520, 0.190777, 3.139278
0.069972, 0.019075, 0.797035, 0.194981, 3.119058, 0.190737, 3.139318
0.070107, 0.019214, 0.800164, 0.193754, 3.128520, 0.190701, 3.139339
0.070241, 0.019353, 0.803285, 0.192528, 3.121161, 0.190668, 3.139375
0.070372, 0.019490, 0.806391, 0.190075, 3.106441, 0.190643, 3.139438
0.070506, 0.019630, 0.809491, 0.193754, 3.099081, 0.190607, 3.139515
0.070636, 0.019767, 0.812574, 0.188849, 3.083310, 0.190585, 3.139621
0.070769, 0.019908, 0.815652, 0.193754, 3.078053, 0.190549, 3.139738
0.070894, 0.020043, 0.818737, 0.183944, 3.085413, 0.190542, 3.139840
0.071023, 0.020181, 0.821833, 0.188849, 3.095927, 0.190521, 3.139923
0.071151, 0.020320, 0.824947, 0.188849, 3.113801, 0.190499, 3.139973
0.071281, 0.020461, 0.828086, 0.191302, 3.139034, 0.190469, 3.139975
0.071405, 0.020597, 0.831239, 0.185170, 3.152703, 0.190458, 3.139952
0.071535, 0.020741, 0.834419, 0.193754, 3.180039, 0.190421, 3.139878
0.071659, 0.020878, 0.837615, 0.185170, 3.195810, 0.190410, 3.139774
0.071789, 0.021024, 0.840810, 0.194981, 3.195810, 0.190369, 3.139670
0.071916, 0.021167, 0.844003, 0.191302, 3.192656, 0.190339, 3.139572
0.072042, 0.021309, 0.847174, 0.190075, 3.170577, 0.190313, 3.139516
0.072168, 0.021452, 0.850331, 0.190075, 3.156909, 0.190287, 3.139485
0.072297, 0.021600, 0.853502, 0.196207, 3.171628, 0.190243, 3.139426
0.072416, 0.021738, 0.856678, 0.182718, 3.175834, 0.190239, 3.139360
0.072544, 0.021886, 0.859856, 0.194981, 3.177937, 0.190198, 3.139290
0.072667, 0.022030, 0.863030, 0.190075, 3.173731, 0.190172, 3.139228
0.072791, 0.022176, 0.866177, 0.191302, 3.147446, 0.190142, 3.139215
0.072913, 0.022320, 0.869312, 0.188849, 3.134829, 0.190119, 3.139225
0.073040, 0.022471, 0.872439, 0.197433, 3.127469, 0.190071, 3.139249
0.073161, 0.022616, 0.875553, 0.188849, 3.113801, 0.190049, 3.139299
0.073283, 0.022764, 0.878655, 0.191302, 3.102235, 0.190019, 3.139370
0.073397, 0.022902, 0.881742, 0.179039, 3.086464, 0.190026, 3.139471
0.073516, 0.023048, 0.884816, 0.188849, 3.073847, 0.190004, 3.139595
0.073635, 0.023193, 0.887910, 0.187623, 3.093824, 0.189985, 3.139683
0.073751, 0.023338, 0.891027, 0.185170, 3.116955, 0.189973, 3.139726
0.073870, 0.023486, 0.894167, 0.190075, 3.140086, 0.189947, 3.139727
0.073992, 0.023638, 0.897337, 0.194981, 3.170577, 0.189906, 3.139671
0.074106, 0.023782, 0.900521, 0.183944, 3.184245, 0.189897, 3.139589
0.074221, 0.023928, 0.903711, 0.185170, 3.189502, 0.189885, 3.139497
0.074337, 0.024076, 0.906923, 0.188849, 3.211581, 0.189862, 3.139364
0.074455, 0.024228, 0.910140, 0.192528, 3.217890, 0.189827, 3.139220
0.074574, 0.024383, 0.913358, 0.194981, 3.217890, 0.189786, 3.139075
0.074685, 0.024527, 0.916574, 0.181491, 3.215787, 0.189784, 3.138934
0.074800, 0.024678, 0.919757, 0.190075, 3.183193, 0.189757, 3.138855
0.074913, 0.024827, 0.922924, 0.186396, 3.166371, 0.189741, 3.138806
0.075026, 0.024978, 0.926065, 0.188849, 3.141137, 0.189718, 3.138805
0.075135, 0.025124, 0.929188, 0.182718, 3.123263, 0.189714, 3.138837
0.075254, 0.025284, 0.932306, 0.198659, 3.118006, 0.189661, 3.138879
0.075364, 0.025433, 0.935421, 0.185170, 3.114852, 0.189649, 3.138927
0.075480, 0.025592, 0.938529, 0.197433, 3.108544, 0.189600, 3.138987
0.075594, 0.025747, 0.941651, 0.192528, 3.121161, 0.189566, 3.139023
0.075709, 0.025906, 0.944775, 0.196207, 3.124315, 0.189521, 3.139054
0.075822, 0.026064, 0.947898, 0.193754, 3.123263, 0.189483, 3.139086
0.075934, 0.026222, 0.951026, 0.193754, 3.127469, 0.189445, 3.139111
0.076041, 0.026373, 0.954144, 0.185170, 3.118006, 0.189433, 3.139153
0.076152, 0.026530, 0.957268, 0.192528, 3.124315, 0.189398, 3.139183
0.076261, 0.026686, 0.960393, 0.190075, 3.125366, 0.189371, 3.139212
0.076371, 0.026844, 0.963517, 0.192528, 3.123263, 0.189337, 3.139244
0.076479, 0.027000, 0.966635, 0.190075, 3.118006, 0.189310, 3.139287
0.076585, 0.027155, 0.969749, 0.187623, 3.114852, 0.189290, 3.139335
0.076694, 0.027315, 0.972838, 0.193754, 3.088567, 0.189252, 3.139432
0.076805, 0.027479, 0.975935, 0.197433, 3.096978, 0.189203, 3.139513
0.076911, 0.027636, 0.979060, 0.190075, 3.125366, 0.189176, 3.139542
0.077017, 0.027796, 0.982209, 0.191302, 3.148497, 0.189145, 3.139528
0.077127, 0.027961, 0.985387, 0.198659, 3.177937, 0.189092, 3.139458
0.077229, 0.028116, 0.988604, 0.185170, 3.216838, 0.189078, 3.139316
0.077332, 0.028274, 0.991832, 0.188849, 3.228404, 0.189054, 3.139152
0.077437, 0.028435, 0.995095, 0.192528, 3.263100, 0.189019, 3.138923
0.077541, 0.028597, 0.998367, 0.192528, 3.271511, 0.188983, 3.138679
0.077642, 0.028755, 1.001631, 0.187623, 3.264152, 0.188962, 3.138448
0.077744, 0.028916, 1.004872, 0.190075, 3.241021, 0.188934, 3.138261
0.077845, 0.029075, 1.008066, 0.188849, 3.193707, 0.188910, 3.138162
0.077944, 0.029233, 1.011220, 0.186397, 3.154806, 0.188893, 3.138135
0.078038, 0.029385, 1.014327, 0.179039, 3.106441, 0.188899, 3.138200
0.078138, 0.029547, 1.017383, 0.190075, 3.055974, 0.188872, 3.138358
0.078237, 0.029708, 1.020401, 0.188849, 3.018123, 0.188849, 3.138587
0.078335, 0.029868, 1.023395, 0.187623, 2.993941, 0.188829, 3.138861
0.078430, 0.030027, 1.026365, 0.185170, 2.969759, 0.188817, 3.139181
0.078530, 0.030192, 1.029351, 0.192528, 2.986581, 0.188783, 3.139469
0.078626, 0.030353, 1.032374, 0.187623, 3.022329, 0.188764, 3.139691
0.078720, 0.030511, 1.035452, 0.183944, 3.078053, 0.188755, 3.139808
0.078814, 0.030671, 1.038581, 0.185170, 3.129572, 0.188742, 3.139829
0.078908, 0.030833, 1.041758, 0.187623, 3.176885, 0.188721, 3.139761
0.079001, 0.030993, 1.044966, 0.185170, 3.207376, 0.188707, 3.139637
0.079093, 0.031151, 1.048207, 0.182718, 3.241021, 0.188701, 3.139450
0.079185, 0.031313, 1.051456, 0.186397, 3.249432, 0.188684, 3.139247
0.079278, 0.031476, 1.054696, 0.187623, 3.239969, 0.188663, 3.139062
0.079363, 0.031627, 1.057908, 0.172907, 3.211581, 0.188686, 3.138930
0.079445, 0.031774, 1.061072, 0.169228, 3.164268, 0.188720, 3.138886
0.079533, 0.031932, 1.064198, 0.180265, 3.126418, 0.188722, 3.138913
0.079616, 0.032083, 1.067283, 0.172907, 3.084362, 0.188746, 3.139018
0.079699, 0.032235, 1.070333, 0.172907, 3.050717, 0.188770, 3.139187
0.079780, 0.032385, 1.073356, 0.170455, 3.022329, 0.188801, 3.139408
0.079861, 0.032535, 1.076357, 0.170455, 3.001301, 0.188833, 3.139669
0.079941, 0.032684, 1.079336, 0.169228, 2.979221, 0.188868, 3.139971
0.080033, 0.032857, 1.082338, 0.196207, 3.001301, 0.188823, 3.140232
0.080116, 0.033015, 1.085364, 0.177812, 3.026534, 0.188832, 3.140445
0.080200, 0.033174, 1.088420, 0.180265, 3.055974, 0.188834, 3.140604
0.080277, 0.033324, 1.091510, 0.168002, 3.089619, 0.188872, 3.140700
0.080360, 0.033485, 1.094620, 0.181491, 3.110647, 0.188870, 3.140756
0.080439, 0.033639, 1.097778, 0.172907, 3.157960, 0.188893, 3.140724
0.080527, 0.033811, 1.100971, 0.193754, 3.192656, 0.188854, 3.140627
0.080607, 0.033971, 1.104200, 0.179039, 3.229455, 0.188858, 3.140461
0.080690, 0.034137, 1.107451, 0.185170, 3.250483, 0.188844, 3.140256
0.080767, 0.034293, 1.110712, 0.174134, 3.260997, 0.188862, 3.140032
0.080846, 0.034454, 1.113968, 0.179039, 3.255740, 0.188867, 3.139817
0.080921, 0.034607, 1.117235, 0.170455, 3.267306, 0.188896, 3.139581
0.081003, 0.034776, 1.120472, 0.187623, 3.236815, 0.188875, 3.139402
0.081079, 0.034935, 1.123676, 0.176586, 3.204221, 0.188887, 3.139283
0.081156, 0.035097, 1.126843, 0.179039, 3.167422, 0.188891, 3.139233
0.081237, 0.035269, 1.129955, 0.190075, 3.111698, 0.188863, 3.139287
0.081311, 0.035426, 1.133044, 0.174134, 3.088567, 0.188882, 3.139385
0.081386, 0.035589, 1.136102, 0.179039, 3.058076, 0.188888, 3.139540
0.081461, 0.035751, 1.139155, 0.179039, 3.052819, 0.188893, 3.139704
0.081538, 0.035919, 1.142207, 0.183944, 3.052819, 0.188883, 3.139868
0.081606, 0.036070, 1.145262, 0.165550, 3.054922, 0.188929, 3.140029
0.081680, 0.036234, 1.148320, 0.180265, 3.058076, 0.188930, 3.140183
0.081755, 0.036402, 1.151407, 0.183944, 3.086464, 0.188920, 3.140285
0.081826, 0.036563, 1.154521, 0.176586, 3.113801, 0.188932, 3.140336
0.081898, 0.036727, 1.157670, 0.179039, 3.149549, 0.188937, 3.140319
0.081969, 0.036890, 1.160854, 0.177812, 3.184245, 0.188944, 3.140238
0.082040, 0.037055, 1.164051, 0.179039, 3.196862, 0.188949, 3.140133
0.082106, 0.037211, 1.167280, 0.169228, 3.228404, 0.188982, 3.139970
0.082181, 0.037388, 1.170517, 0.192528, 3.237866, 0.188945, 3.139788
0.082250, 0.037552, 1.173747, 0.177812, 3.229455, 0.188953, 3.139622
0.082317, 0.037714, 1.176972, 0.175360, 3.225250, 0.188967, 3.139465
0.082383, 0.037874, 1.180155, 0.172907, 3.183193, 0.188990, 3.139385
0.082453, 0.038044, 1.183318, 0.183944, 3.162165, 0.188979, 3.139345
0.082515, 0.038199, 1.186440, 0.166776, 3.122212, 0.189020, 3.139380
0.082585, 0.038372, 1.189523, 0.186396, 3.083310, 0.189003, 3.139487
0.082656, 0.038550, 1.192579, 0.192528, 3.055974, 0.188967, 3.139646
0.082729, 0.038738, 1.195633, 0.201112, 3.053871, 0.188906, 3.139808
0.082796, 0.038909, 1.198684, 0.183944, 3.050717, 0.188896, 3.139976
0.082856, 0.039063, 1.201770, 0.165550, 3.086464, 0.188941, 3.140078
0.082928, 0.039252, 1.204885, 0.202338, 3.114852, 0.188875, 3.140126
0.082997, 0.039432, 1.208031, 0.192528, 3.146394, 0.188838, 3.140116
0.083066, 0.039616, 1.211209, 0.196207, 3.177937, 0.188791, 3.140047
0.083133, 0.039795, 1.214390, 0.191302, 3.181091, 0.188758, 3.139972
0.083202, 0.039983, 1.217602, 0.199886, 3.211581, 0.188699, 3.139839
0.083267, 0.040163, 1.220804, 0.191302, 3.202119, 0.188666, 3.139725
0.083337, 0.040355, 1.223997, 0.204791, 3.192656, 0.188592, 3.139628
0.083398, 0.040525, 1.227177, 0.180265, 3.180039, 0.188592, 3.139555
0.083454, 0.040684, 1.230329, 0.169228, 3.152703, 0.188625, 3.139533
0.083513, 0.040852, 1.233485, 0.177812, 3.155857, 0.188633, 3.139505
0.083571, 0.041020, 1.236624, 0.177812, 3.139034, 0.188640, 3.139508
0.083637, 0.041213, 1.239741, 0.203565, 3.116955, 0.188571, 3.139553
0.083697, 0.041387, 1.242848, 0.183944, 3.106441, 0.188560, 3.139442
0.083751, 0.041548, 1.245948, 0.170455, 3.100132, 0.188590, 3.137990
0.083810, 0.041724, 1.249043, 0.185170, 3.094876, 0.188576, 3.134972
0.083866, 0.041895, 1.252159, 0.180265, 3.115904, 0.188576, 3.130337
0.083927, 0.042083, 1.255277, 0.197433, 3.118006, 0.188525, 3.124118
0.083982, 0.042251, 1.258394, 0.176586, 3.116955, 0.188536, 3.116316
0.084037, 0.042425, 1.261501, 0.182718, 3.107492, 0.188529, 3.106946
0.084097, 0.042613, 1.264578, 0.197433, 3.077002, 0.188478, 3.096042
0.084146, 0.042771, 1.267654, 0.165550, 3.075950, 0.188522, 3.083548
0.084203, 0.042956, 1.270725, 0.193754, 3.070693, 0.188482, 3.069468
0.084258, 0.043133, 1.273790, 0.185170, 3.065436, 0.188468, 3.053974
0.084310, 0.043307, 1.276854, 0.181491, 3.063334, 0.188465, 3.038236
0.084364, 0.043488, 1.279913, 0.188849, 3.059128, 0.188439, 3.022476
0.084417, 0.043667, 1.282995, 0.186396, 3.082259, 0.188421, 3.006644
0.084470, 0.043848, 1.286082, 0.188849, 3.086464, 0.188396, 2.990775
0.084528, 0.044047, 1.289172, 0.207243, 3.090670, 0.188315, 2.974869
0.084584, 0.044243, 1.292251, 0.203565, 3.079104, 0.188245, 2.958955
0.084634, 0.044420, 1.295318, 0.183944, 3.066488, 0.188234, 2.943035
0.084687, 0.044609, 1.298372, 0.196207, 3.053871, 0.188187, 2.927109
0.084738, 0.044795, 1.301421, 0.193754, 3.049665, 0.188147, 2.911162
0.084790, 0.044984, 1.304450, 0.194981, 3.028637, 0.188103, 2.895225
0.084840, 0.045169, 1.307440, 0.192528, 2.989735, 0.188067, 2.879331
0.084888, 0.045350, 1.310386, 0.186397, 2.946628, 0.188050, 2.863488
0.084936, 0.045532, 1.313272, 0.188849, 2.885646, 0.188025, 2.847730
0.084985, 0.045721, 1.316126, 0.194981, 2.854104, 0.187983, 2.832002
0.085034, 0.045911, 1.318938, 0.196207, 2.812048, 0.187937, 2.816323
0.085083, 0.046106, 1.321704, 0.201112, 2.765786, 0.187876, 2.800701
0.085129, 0.046287, 1.324440, 0.186397, 2.736347, 0.187860, 2.785105
0.085174, 0.046469, 1.327143, 0.187623, 2.702702, 0.187840, 2.769542
0.085221, 0.046658, 1.329844, 0.194981, 2.700599, 0.187799, 2.753953
0.085267, 0.046848, 1.332558, 0.194981, 2.714267, 0.187757, 2.738310
0.085311, 0.047032, 1.335280, 0.190075, 2.722679, 0.187730, 2.722622
0.085353, 0.047210, 1.338002, 0.182718, 2.721627, 0.187725, 2.706907
0.085397, 0.047398, 1.340722, 0.192528, 2.719525, 0.187690, 2.691166
0.085441, 0.047589, 1.343422, 0.196207, 2.700599, 0.187645, 2.675431
0.085483, 0.047770, 1.346126, 0.186396, 2.703753, 0.187629, 2.659661
0.085525, 0.047956, 1.348820, 0.190075, 2.694291, 0.187602, 2.643879
0.085564, 0.048133, 1.351487, 0.181491, 2.666955, 0.187601, 2.628119
0.085607, 0.048326, 1.354120, 0.197433, 2.633310, 0.187552, 2.612393
0.085649, 0.048520, 1.356717, 0.198659, 2.596510, 0.187500, 2.596706
0.085691, 0.048715, 1.359287, 0.199886, 2.570225, 0.187444, 2.581039
0.085730, 0.048901, 1.361849, 0.190075, 2.561814, 0.187418, 2.565358
0.085769, 0.049085, 1.364396, 0.187623, 2.547095, 0.187399, 2.549675
0.085807, 0.049271, 1.366919, 0.190075, 2.522912, 0.187373, 2.534008
0.085845, 0.049457, 1.369423, 0.190075, 2.503987, 0.187347, 2.518348
0.085882, 0.049640, 1.371891, 0.186397, 2.468239, 0.187333, 2.502724
0.085918, 0.049822, 1.374362, 0.185170, 2.470342, 0.187322, 2.487067
0.085955, 0.050007, 1.376819, 0.188849, 2.457725, 0.187300, 2.471405
0.085992, 0.050198, 1.379256, 0.194981, 2.436697, 0.187260, 2.455753
0.086025, 0.050374, 1.381670, 0.179039, 2.413566, 0.187267, 2.440114
0.086061, 0.050562, 1.384062, 0.191302, 2.392538, 0.187239, 2.424486
0.086095, 0.050745, 1.386418, 0.186396, 2.355739, 0.187225, 2.408897
0.086129, 0.050932, 1.388767, 0.190075, 2.349431, 0.187200, 2.393290
0.086162, 0.051112, 1.391115, 0.182718, 2.347328, 0.187197, 2.377658
0.086197, 0.051305, 1.393456, 0.196207, 2.341019, 0.187154, 2.362009
0.086227, 0.051478, 1.395784, 0.175360, 2.328403, 0.187173, 2.346353
0.086259, 0.051662, 1.398085, 0.186397, 2.301066, 0.187159, 2.330719
0.086292, 0.051851, 1.400367, 0.192528, 2.282141, 0.187128, 2.315092
0.086324, 0.052042, 1.402652, 0.193754, 2.284244, 0.187092, 2.299431
0.086356, 0.052231, 1.404943, 0.191302, 2.291603, 0.187064, 2.283727
0.086388, 0.052427, 1.407235, 0.198659, 2.291603, 0.187013, 2.267994
0.086419, 0.052617, 1.409510, 0.192528, 2.275832, 0.186982, 2.252260
0.086450, 0.052812, 1.411763, 0.197433, 2.252702, 0.186935, 2.236541
0.086480, 0.053001, 1.414006, 0.191302, 2.243239, 0.186907, 2.220810
0.086509, 0.053188, 1.416256, 0.188849, 2.249547, 0.186887, 2.205038
0.086540, 0.053384, 1.418507, 0.198659, 2.250599, 0.186837, 2.189235
0.086571, 0.053595, 1.420741, 0.213375, 2.234828, 0.186742, 2.173432
0.086600, 0.053787, 1.422939, 0.193754, 2.198029, 0.186707, 2.157668
0.086627, 0.053973, 1.425068, 0.188849, 2.128636, 0.186688, 2.142004
0.086654, 0.054159, 1.427125, 0.187623, 2.057141, 0.186672, 2.126445
0.086681, 0.054348, 1.429150, 0.191302, 2.024547, 0.186645, 2.110917
0.086709, 0.054549, 1.431160, 0.202338, 2.009828, 0.186586, 2.095388
0.086733, 0.054721, 1.433157, 0.174134, 1.997211, 0.186611, 2.079853
0.086760, 0.054913, 1.435144, 0.193754, 1.986697, 0.186577, 2.064308
0.086786, 0.055107, 1.437121, 0.194981, 1.977234, 0.186540, 2.048751
0.086812, 0.055303, 1.439103, 0.198659, 1.982491, 0.186492, 2.033155
0.086837, 0.055497, 1.441128, 0.194981, 2.024547, 0.186454, 2.017452
0.086862, 0.055693, 1.443207, 0.197433, 2.079220, 0.186409, 2.001617
0.086888, 0.055899, 1.445317, 0.208470, 2.109711, 0.186330, 1.985695
0.086913, 0.056100, 1.447425, 0.202338, 2.108660, 0.186270, 1.969746
0.086937, 0.056297, 1.449497, 0.198659, 2.071860, 0.186221, 1.953837
0.086961, 0.056500, 1.451494, 0.203565, 1.996159, 0.186158, 1.938040
0.086985, 0.056697, 1.453436, 0.198659, 1.942538, 0.186110, 1.922313
0.087007, 0.056887, 1.455328, 0.191302, 1.892070, 0.186084, 1.906652
0.087029, 0.057081, 1.457165, 0.194981, 1.837397, 0.186048, 1.891063
0.087050, 0.057274, 1.458953, 0.194981, 1.787981, 0.186012, 1.875538
0.087071, 0.057458, 1.460699, 0.185170, 1.745925, 0.186005, 1.860061
0.087091, 0.057649, 1.462421, 0.191302, 1.721743, 0.185981, 1.844601
0.087113, 0.057850, 1.464169, 0.202338, 1.748028, 0.185923, 1.829061
0.087132, 0.058035, 1.465967, 0.186397, 1.797444, 0.185913, 1.813401
0.087153, 0.058236, 1.467811, 0.202338, 1.844757, 0.185854, 1.797622
0.087173, 0.058428, 1.469682, 0.192528, 1.869991, 0.185825, 1.781767
0.087193, 0.058632, 1.471535, 0.204791, 1.853168, 0.185759, 1.765914
0.087211, 0.058815, 1.473346, 0.183944, 1.811112, 0.185756, 1.750111
0.087229, 0.059006, 1.475115, 0.192528, 1.769056, 0.185727, 1.734357
0.087247, 0.059193, 1.476845, 0.187623, 1.730154, 0.185714, 1.718646
0.087265, 0.059389, 1.478529, 0.196207, 1.683893, 0.185675, 1.702991
0.087282, 0.059572, 1.480154, 0.183944, 1.625014, 0.185673, 1.687418
0.087298, 0.059754, 1.481726, 0.182718, 1.571392, 0.185675, 1.671916
0.087315, 0.059944, 1.483256, 0.191302, 1.530388, 0.185652, 1.656461
0.087330, 0.060125, 1.484770, 0.181491, 1.513565, 0.185658, 1.641008
0.087346, 0.060311, 1.486310, 0.186396, 1.540902, 0.185649, 1.625474
0.087362, 0.060504, 1.487890, 0.193754, 1.579804, 0.185618, 1.609839
0.087377, 0.060685, 1.489507, 0.181491, 1.616603, 0.185624, 1.594105
0.087391, 0.060870, 1.491136, 0.185170, 1.629220, 0.185618, 1.578319
0.087407, 0.061066, 1.492753, 0.197433, 1.616603, 0.185576, 1.562527
0.087421, 0.061253, 1.494340, 0.187623, 1.587163, 0.185564, 1.546760
0.087435, 0.061439, 1.495892, 0.186397, 1.552467, 0.185555, 1.531029
0.087448, 0.061614, 1.497426, 0.175360, 1.533542, 0.185579, 1.515304
0.087461, 0.061795, 1.498932, 0.181491, 1.506205, 0.185586, 1.499601
0.087474, 0.061981, 1.500405, 0.186396, 1.472561, 0.185577, 1.483931
0.087488, 0.062178, 1.501850, 0.197433, 1.445224, 0.185536, 1.468283
0.087501, 0.062370, 1.503266, 0.192528, 1.415785, 0.185510, 1.452660
0.087513, 0.062560, 1.504662, 0.190075, 1.396859, 0.185491, 1.437044
0.087525, 0.062748, 1.506048, 0.188849, 1.385294, 0.185476, 1.421419
0.087537, 0.062936, 1.507440, 0.187623, 1.392654, 0.185465, 1.405752
0.087549, 0.063123, 1.508840, 0.187623, 1.400014, 0.185454, 1.390042
0.087560, 0.063303, 1.510231, 0.180265, 1.390551, 0.185464, 1.374320
0.087571, 0.063488, 1.511605, 0.185170, 1.373729, 0.185461, 1.358600
0.087582, 0.063686, 1.512947, 0.198659, 1.342186, 0.185416, 1.342910
0.087593, 0.063876, 1.514256, 0.190075, 1.309593, 0.185398, 1.327251
0.087603, 0.064056, 1.515550, 0.180265, 1.293822, 0.185410, 1.311592
0.087614, 0.064254, 1.516858, 0.198659, 1.307490, 0.185366, 1.295878
0.087623, 0.064433, 1.518186, 0.179039, 1.328518, 0.185381, 1.280096
0.087633, 0.064625, 1.519255, 0.192528, 1.068822, 0.185357, 1.264770
0.087643, 0.064815, 1.520590, 0.190075, 1.334827, 0.185338, 1.248918
0.087652, 0.065007, 1.521904, 0.192528, 1.313799, 0.185313, 1.233074
0.087661, 0.065204, 1.523182, 0.197433, 1.278051, 0.185273, 1.217269
0.087670, 0.065397, 1.524427, 0.192528, 1.245457, 0.185248, 1.201496
0.087679, 0.065584, 1.525667, 0.187623, 1.240200, 0.185237, 1.185702
0.087687, 0.065777, 1.526899, 0.192528, 1.231789, 0.185212, 1.169895
0.087695, 0.065957, 1.528108, 0.180265, 1.208658, 0.185224, 1.154102
0.087702, 0.066132, 1.529285, 0.175360, 1.177116, 0.185251, 1.138339
0.087710, 0.066319, 1.530429, 0.187623, 1.144523, 0.185241, 1.122607
0.087717, 0.066513, 1.531542, 0.193754, 1.112981, 0.185213, 1.106904
0.087725, 0.066708, 1.532618, 0.194981, 1.075130, 0.185182, 1.091244
0.087731, 0.066884, 1.533689, 0.176586, 1.071976, 0.185206, 1.075559
0.087738, 0.067072, 1.534769, 0.187623, 1.079336, 0.185197, 1.059832
0.087745, 0.067261, 1.535852, 0.188849, 1.083541, 0.185184, 1.044067
0.087751, 0.067442, 1.536925, 0.181491, 1.073027, 0.185193, 1.028293
0.087757, 0.067627, 1.537968, 0.185170, 1.042537, 0.185191, 1.012546
0.087763, 0.067812, 1.538961, 0.185170, 0.993121, 0.185190, 0.996862
0.087769, 0.068003, 1.539897, 0.191302, 0.936345, 0.185170, 0.981255
0.087774, 0.068185, 1.540793, 0.181491, 0.895340, 0.185180, 0.965695
0.087780, 0.068366, 1.541700, 0.181491, 0.906906, 0.185191, 0.950084
0.087785, 0.068554, 1.542623, 0.187623, 0.923728, 0.185182, 0.934412
0.087790, 0.068741, 1.543559, 0.187623, 0.935293, 0.185174, 0.918689
0.087795, 0.068920, 1.544500, 0.179039, 0.941602, 0.185191, 0.902926
0.087800, 0.069116, 1.545426, 0.196207, 0.925831, 0.185157, 0.887163
0.087804, 0.069309, 1.546327, 0.192528, 0.900597, 0.185134, 0.871417
0.087809, 0.069498, 1.547180, 0.188849, 0.853284, 0.185123, 0.855730
0.087813, 0.069690, 1.548006, 0.192528, 0.825948, 0.185101, 0.840065
0.087817, 0.069870, 1.548821, 0.180265, 0.815434, 0.185115, 0.824390
0.087821, 0.070063, 1.549632, 0.192528, 0.810176, 0.185093, 0.808696
0.087825, 0.070241, 1.550439, 0.177812, 0.807022, 0.185115, 0.792978
0.087829, 0.070432, 1.551237, 0.191302, 0.798611, 0.185096, 0.777247
0.087832, 0.070623, 1.552023, 0.191302, 0.785994, 0.185078, 0.761510
0.087836, 0.070817, 1.552796, 0.193754, 0.772326, 0.185052, 0.745769
0.087839, 0.071013, 1.553544, 0.196207, 0.748144, 0.185019, 0.730043
0.087842, 0.071203, 1.554281, 0.190075, 0.737630, 0.185005, 0.714309
0.087845, 0.071392, 1.555013, 0.188849, 0.731321, 0.184994, 0.698556
0.087848, 0.071573, 1.555726, 0.181491, 0.713447, 0.185005, 0.682808
0.087851, 0.071757, 1.556407, 0.183944, 0.680854, 0.185010, 0.667091
0.087853, 0.071939, 1.557037, 0.181491, 0.630387, 0.185022, 0.651439
0.087856, 0.072134, 1.557614, 0.194981, 0.576765, 0.184994, 0.635858
0.087858, 0.072323, 1.558164, 0.188849, 0.549429, 0.184984, 0.620299
0.087860, 0.072510, 1.558698, 0.187623, 0.534709, 0.184978, 0.604738
0.087862, 0.072697, 1.559258, 0.186397, 0.559943, 0.184976, 0.589100
0.087864, 0.072877, 1.559858, 0.180265, 0.599896, 0.184992, 0.573359
0.087866, 0.073053, 1.560477, 0.176586, 0.618821, 0.185019, 0.557552
0.087868, 0.073245, 1.561088, 0.191302, 0.611461, 0.185001, 0.541730
0.087870, 0.073424, 1.561667, 0.179039, 0.578868, 0.185021, 0.525940
0.087871, 0.073615, 1.562199, 0.191302, 0.531555, 0.185004, 0.510209
0.087873, 0.073807, 1.562680, 0.192528, 0.481087, 0.184984, 0.494543
0.087874, 0.073996, 1.563109, 0.188849, 0.429569, 0.184975, 0.478943
0.087876, 0.074181, 1.563518, 0.185170, 0.408540, 0.184977, 0.463354
0.087877, 0.074375, 1.563949, 0.193754, 0.431671, 0.184954, 0.447692
0.087878, 0.074560, 1.564413, 0.185170, 0.463213, 0.184956, 0.431941
0.087879, 0.074747, 1.564902, 0.186397, 0.489499, 0.184954, 0.416112
0.087880, 0.074934, 1.565385, 0.187623, 0.483190, 0.184949, 0.400266
0.087881, 0.075118, 1.565833, 0.183944, 0.447442, 0.184955, 0.384457
0.087882, 0.075306, 1.566234, 0.187623, 0.401181, 0.184950, 0.368705
0.087883, 0.075491, 1.566582, 0.185170, 0.348611, 0.184952, 0.353022
0.087884, 0.075678, 1.566888, 0.186396, 0.305503, 0.184952, 0.337390
0.087884, 0.075874, 1.567199, 0.196207, 0.310760, 0.184922, 0.321719
0.087885, 0.076061, 1.567524, 0.187623, 0.325480, 0.184917, 0.305991
0.087885, 0.076239, 1.567872, 0.177812, 0.347559, 0.184942, 0.290192
0.087886, 0.076442, 1.568229, 0.202338, 0.357022, 0.184893, 0.274347
0.087886, 0.076625, 1.568566, 0.183944, 0.337045, 0.184900, 0.258509
0.087887, 0.076812, 1.568863, 0.186397, 0.297092, 0.184899, 0.242717
0.087887, 0.077004, 1.569115, 0.192528, 0.251881, 0.184880, 0.226980
0.087887, 0.077186, 1.569323, 0.181491, 0.207722, 0.184895, 0.211296
0.087888, 0.077369, 1.569502, 0.182718, 0.179335, 0.184906, 0.195636
0.087888, 0.077555, 1.569683, 0.186397, 0.181437, 0.184906, 0.179942
0.087888, 0.077746, 1.569879, 0.191302, 0.196157, 0.184892, 0.164191
0.087888, 0.077922, 1.570097, 0.175360, 0.217185, 0.184925, 0.148372
0.087888, 0.078124, 1.570323, 0.202338, 0.226648, 0.184877, 0.132506
0.087888, 0.078309, 1.570544, 0.185170, 0.220339, 0.184880, 0.116623
0.087888, 0.078488, 1.570739, 0.179039, 0.195106, 0.184902, 0.100757
0.087888, 0.078691, 1.570891, 0.202338, 0.151998, 0.184855, 0.084942
0.087888, 0.078877, 1.571006, 0.186397, 0.115199, 0.184855, 0.069340
0.087888, 0.079061, 1.571106, 0.183944, 0.100479, 0.184863, 0.055087
0.087888, 0.079257, 1.571204, 0.196207, 0.097325, 0.184835, 0.042386
0.087888, 0.079439, 1.571281, 0.181491, 0.077349, 0.184850, 0.031270
0.087888, 0.079630, 1.571316, 0.191302, 0.035292, 0.184837, 0.021785
0.087888, 0.079831, 1.571326, 0.201112, 0.010059, 0.184794, 0.013902
0.087888, 0.080022, 1.571333, 0.191302, 0.006905, 0.184780, 0.007581
0.087888, 0.080199, 1.571350, 0.176586, 0.016367, 0.184811, 0.002804
0.087887, 0.080380, 1.571368, 0.181491, 0.018470, 0.184827, -0.000414
0.087887, 0.080568, 1.571380, 0.187623, 0.012162, 0.184824, -0.002054
0.087887, 0.080756, 1.571392, 0.187623, 0.012162, 0.184822, -0.002298
0.087887, 0.080931, 1.571410, 0.175360, 0.017419, 0.184856, -0.002330
0.087887, 0.081127, 1.571429, 0.196207, 0.019521, 0.184828, -0.002367
0.087887, 0.081314, 1.571439, 0.186397, 0.010059, 0.184829, -0.002386
0.087887, 0.081502, 1.571434, 0.188849, -0.005712, 0.184823, -0.002375
0.087887, 0.081692, 1.571418, 0.190075, -0.015175, 0.184813, -0.002347
0.087886, 0.081873, 1.571404, 0.180265, -0.014124, 0.184833, -0.002321
0.087886, 0.082076, 1.571127, 0.203565, -0.276974, 0.184785, -0.001803
0.087886, 0.082259, 1.571127, 0.182718, -0.000455, 0.184797, -0.001802
0.087886, 0.082443, 1.571137, 0.183944, 0.010059, 0.184806, -0.001821
0.087886, 0.082639, 1.571173, 0.196207, 0.036344, 0.184777, -0.001889
0.087886, 0.082837, 1.571245, 0.197433, 0.072091, 0.184745, -0.002024
0.087886, 0.083001, 1.571351, 0.164323, 0.105736, 0.184812, -0.002221
0.087886, 0.083197, 1.571474, 0.196207, 0.122559, 0.184783, -0.002450
0.087886, 0.083397, 1.571589, 0.199886, 0.115199, 0.184743, -0.002666
0.087886, 0.083586, 1.571692, 0.188849, 0.103634, 0.184736, -0.002859
0.087885, 0.083778, 1.571795, 0.192528, 0.102582, 0.184719, -0.003051
0.087885, 0.083973, 1.571891, 0.194981, 0.096274, 0.184693, -0.003231
0.087885, 0.084159, 1.571965, 0.185170, 0.073143, 0.184698, -0.003368
0.087885, 0.084341, 1.572011, 0.182718, 0.046858, 0.184710, -0.003456
0.087885, 0.084528, 1.572025, 0.186396, 0.013213, 0.184711, -0.003480
0.087884, 0.084710, 1.572019, 0.182718, -0.005712, 0.184724, -0.003470
0.087884, 0.084891, 1.572000, 0.180265, -0.019381, 0.184743, -0.003434
0.087884, 0.085073, 1.571972, 0.182718, -0.027792, 0.184756, -0.003382
0.087884, 0.085262, 1.571936, 0.188849, -0.036203, 0.184750, -0.003314
0.087883, 0.085451, 1.571896, 0.188849, -0.039357, 0.184744, -0.003241
0.087883, 0.085634, 1.571854, 0.182718, -0.042511, 0.184757, -0.003162
0.087883, 0.085825, 1.571799, 0.191302, -0.055128, 0.184744, -0.003059
0.087883, 0.086021, 1.571728, 0.196207, -0.070899, 0.184716, -0.002926
0.087883, 0.086216, 1.571651, 0.194981, -0.076156, 0.184692, -0.002784
0.087883, 0.086415, 1.571568, 0.198659, -0.083516, 0.184657, -0.002628
0.087882, 0.086619, 1.571486, 0.203565, -0.081413, 0.184608, -0.002476
0.087882, 0.086811, 1.571417, 0.192528, -0.069848, 0.184591, -0.002346
0.087882, 0.086994, 1.571362, 0.182718, -0.054077, 0.184604, -0.002245
0.087882, 0.087189, 1.571317, 0.194981, -0.045666, 0.184579, -0.002160
0.087882, 0.087374, 1.571279, 0.185170, -0.038306, 0.184585, -0.002088
0.087882, 0.087573, 1.571256, 0.198659, -0.022535, 0.184549, -0.002046
0.087882, 0.087768, 1.571252, 0.194981, -0.003610, 0.184525, -0.002039
0.087882, 0.087959, 1.571266, 0.191302, 0.013213, 0.184511, -0.002064
0.087882, 0.088149, 1.571296, 0.190075, 0.030035, 0.184501, -0.002120
0.087882, 0.088343, 1.571343, 0.193754, 0.046858, 0.184480, -0.002208
0.087881, 0.088543, 1.571400, 0.199886, 0.057372, 0.184441, -0.002315
0.087881, 0.088735, 1.571466, 0.192528, 0.065783, 0.184423, -0.002438
0.087881, 0.088926, 1.571536, 0.191302, 0.069989, 0.184409, -0.002569
0.087881, 0.089120, 1.571607, 0.193754, 0.071040, 0.184388, -0.002702
0.087881, 0.089300, 1.571680, 0.180265, 0.073143, 0.184407, -0.002838
0.087881, 0.089492, 1.571755, 0.191302, 0.075246, 0.184393, -0.002979
0.087880, 0.089685, 1.571829, 0.193754, 0.074194, 0.184372, -0.003118
0.087880, 0.089874, 1.571894, 0.188849, 0.064732, 0.184366, -0.003239
0.087880, 0.090068, 1.571946, 0.193754, 0.052115, 0.184345, -0.003336
0.087880, 0.090257, 1.571990, 0.188849, 0.043704, 0.184338, -0.003418
0.087880, 0.090443, 1.572028, 0.186397, 0.038447, 0.184339, -0.003490
0.087879, 0.090635, 1.572060, 0.191302, 0.031087, 0.184326, -0.003548
0.087879, 0.090823, 1.572082, 0.188849, 0.022676, 0.184319, -0.003591
